hwd;pronSampa;ipa
ruled;r\ u l d;ɹuld
weingart;w aI N g A r\ t;w?ŋgɑɹt
continuation;k @ n t I n j u eI S @ n;kəntɪnju?ʃən
anas;{ n @ s;ænəs
advisability;{ d v aI z @ b I l i 4 i:;ædv?zəbɪliɾiː
dawsey;d O: s i:;dOːsiː
sawa;s O: w @;sOːwə
loutzenhiser;l aU t z i n h aI z 3:r;l?tzinh?zɜ:r
melucci;m E l u tS i:;mɛlu?iː
cobbins;k A b i n z;kɑbinz
hokum;h @U k @ m;hoʊkəm
castings;k { s t i N z;kæstiŋz
federal(2);f E d r\ @ l;fɛdɹəl
comprises;k @ m p r\ aI z @ z;kəmpɹ?zəz
koenigsfeld;k @U n i g z f E l d;koʊnigzfɛld
vees;v i: z;viːz
transvestite;t r\ { n z v E s t aI t;tɹænzvɛst?t
jacki;dZ { k i:;?ækiː
idiom;I 4 i: @ m;ɪɾiːəm
williamsen;w I l j @ m s @ n;wɪljəmsən
taught;t O: t;tOːt
huyler;h aI l 3:r;h?lɜ:r
lamborn;l @ m b O: r\ n;ləmbOːɹn
ramlawi;r\ { m l aU i:;ɹæml?iː
rosella;r\ @U z E l @;ɹoʊzɛlə
disrepair;d I s r\ i p E r\;dɪsɹipɛɹ
avenger;@ v E n dZ 3:r;əvɛn?ɜ:r
animosity;{ n @ m A s @ 4 i:;ænəmɑsəɾiː
scrimping;s k r\ I m p i N;skɹɪmpiŋ
suppresses;s @ p r\ E s i z;səpɹɛsiz
baffled;b { f @ l d;bæfəld
unring;@ n r\ I N;ənɹɪŋ
phosphor;f A s f O: r\;fɑsfOːɹ
indira;i n d I r\ @;indɪɹə
succumbing;s @ k V m i N;səkʌmiŋ
swoveland;s w @U v l @ n d;swoʊvlənd
faisal;f eI z @ l;f?zəl
honeycomb;h V n i: k @U m;hʌniːkoʊm
looted;l u 4 @ d;luɾəd
deweese;d u i: z;duiːz
elfers;E l f 3:r z;ɛlfɜ:rz
hatch's;h { tS i z;hæ?iz
keswick;k E s w I k;kɛswɪk
waterproof;w O: 4 3:r p r\ u f;wOːɾɜ:rpɹuf
why;w aI;w?
tawney;t O: n i:;tOːniː
nohr;n O: r\;nOːɹ
fiorelli;f i: O: r\ E l i:;fiːOːɹɛliː
meddling(2);m E d l i N;mɛdliŋ
ivana;i v A n @;ivɑnə
azpurua;{ z p j U r\ u @;æzpjʊɹuə
palauans;p @ l aU @ n z;pəl?ənz
tornquist;t O: r\ n k w i s t;tOːɹnkwist
imasco;i m { s @U;imæsoʊ
unbar;@ n b A r\;ənbɑɹ
wiesbaden(2);w aI s b A d @ n;w?sbɑdən
hospitality;h A s p @ t { l @ 4 i:;hɑspətæləɾiː
salaam;s @ l A m;səlɑm
ransack;r\ { n s { k;ɹænsæk
mcbroom;m @ k b r\ u m;məkbɹum
ramifying;r\ { m @ f aI i N;ɹæməf?iŋ
incidents;I n s @ d @ n t s;ɪnsədənts
slechta;s l E tS t @;slɛ?tə
shaka;S A k @;ʃɑkə
ferree;f 3:r i:;fɜ:riː
cabernets;k { b 3:r n E t s;kæbɜ:rnɛts
outcry;aU t k r\ aI;?tkɹ?
spanning;s p { n i N;spæniŋ
willfully;w I l f @ l i:;wɪlfəliː
blanck;b l { N k;blæŋk
clubb;k l V b;klʌb
tenncare;t E n k E r\;tɛnkɛɹ
brumbaugh;b r\ V m b O:;bɹʌmbOː
handkerchiefs;h { N k 3:r tS @ f s;hæŋkɜ:r?əfs
martin(2);m A r\ t i n;mɑɹtin
arakelian;{ r\ @ k E l j @ n;æɹəkɛljən
tallerico;t A l 3:r i: k @U;tɑlɜ:riːkoʊ
stefanie;s t E f @ n i:;stɛfəniː
yeshiva;j i S i: v @;jiʃiːvə
transcribing;t r\ { n s k r\ aI b i N;tɹænskɹ?biŋ
catalyze;k { 4 @ l aI z;kæɾəl?z
philosopher;f @ l A s @ f 3:r;fəlɑsəfɜ:r
standardization;s t { n d 3:r 4 i z eI S @ n;stændɜ:rɾiz?ʃən
dober;d @U b 3:r;doʊbɜ:r
bloodhounds(2);b l V d h aU n z;blʌdh?nz
wheelchair(2);h w i: l tS E r\;hwiːl?ɛɹ
lorenc;l O: r\ i N k;lOːɹiŋk
kalous;k { l @ s;kæləs
gianfrancesco;dZ A n f r\ { n tS E s k @U;?ɑnfɹæn?ɛskoʊ
kohlman;k @U l m @ n;koʊlmən
soo;s u;su
blackledge;b l { k l E dZ;blæklɛ?
adelstein;{ 4 @ l s t aI n;æɾəlst?n
nationsbanc;n eI S @ n z b { N k;n?ʃənzbæŋk
punjab's(2);p V n dZ { b z;pʌn?æbz
vanschoick;v { n S OI k;vænʃ?k
shrank;S r\ { N k;ʃɹæŋk
saltlike;s O: l t l aI k;sOːltl?k
gambler's;g { m b l 3:r z;gæmblɜ:rz
harrington;h E r\ i N t @ n;hɛɹiŋtən
respectful;r\ i s p E k t f @ l;ɹispɛktfəl
blokes;b l @U k s;bloʊks
siphoning;s aI f @ n i N;s?fəniŋ
telephoniques;t E l @ f A n i: k s;tɛləfɑniːks
disapproval;d i s @ p r\ u v @ l;disəpɹuvəl
wichita;w I tS @ t O:;wɪ?ətOː
signor;s i: n j O: r\;siːnjOːɹ
breza;b r\ E z @;bɹɛzə
neeper;n i: p 3:r;niːpɜ:r
levi;l i: v aI;liːv?
furnished;f 3:r n i S t;fɜ:rniʃt
mckenny;m @ k E n i:;məkɛniː
responses(2);r\ i: s p A n s @ z;ɹiːspɑnsəz
injection;i n dZ E k S @ n;in?ɛkʃən
rosenberg's;r\ @U z @ n b 3:r g z;ɹoʊzənbɜ:rgz
architect;A r\ k @ t E k t;ɑɹkətɛkt
washoe;w A S @U;wɑʃoʊ
kachmar;k { k m 3:r;kækmɜ:r
abplanalp;{ b p l @ n { l p;æbplənælp
straightforward;s t r\ eI t f O: r\ w 3:r d;stɹ?tfOːɹwɜ:rd
basalt;b @ s O: l t;bəsOːlt
chinooks(2);S I n U k s;ʃɪnʊks
huckabay;h V k @ b eI;hʌkəb?
cabbages;k { b i dZ i z;kæbi?iz
cottingham;k A 4 i N h { m;kɑɾiŋhæm
hofrichter;h A f r\ i k t 3:r;hɑfɹiktɜ:r
busch's;b U S i z;bʊʃiz
fedrick;f E d r\ i k;fɛdɹik
empowers;i m p aU 3:r z;imp?ɜ:rz
gutterman;g V 4 3:r m @ n;gʌɾɜ:rmən
idiotic;I 4 i: A 4 i k;ɪɾiːɑɾik
kowaleski;k aU @ l E s k i:;k?əlɛskiː
dithyramb;d I T 3:r { m;dɪθɜ:ræm
masochist;m { s @ k i s t;mæsəkist
trevathan;t r\ E v @ T @ n;tɹɛvəθən
brozman;b r\ A z m @ n;bɹɑzmən
obligate;A b l @ g eI t;ɑbləg?t
ox;A k s;ɑks
fiendish;f i: n d i S;fiːndiʃ
pittsburghers;p I t s b 3:r g 3:r z;pɪtsbɜ:rgɜ:rz
cranesbills;k r\ eI n z b I l z;kɹ?nzbɪlz
sewage;s u @ dZ;suə?
actuaries;{ k tS @ w E r\ i: z;æk?əwɛɹiːz
odegaard;A 4 i g A r\ d;ɑɾigɑɹd
misjudgment;m i s dZ V dZ m @ n t;mis?ʌ?mənt
tunica;t u n i k @;tunikə
worlder;w 3:r l d 3:r;wɜ:rldɜ:r
financement;f i n { n s m @ n t;finænsmənt
kolterman;k @U l t 3:r m @ n;koʊltɜ:rmən
carrot;k { r\ @ t;kæɹət
yours(3);j 3:r z;jɜ:rz
student;s t u d @ n t;studənt
wolters;w @U l t 3:r z;woʊltɜ:rz
mckethan;m @ k E T @ n;məkɛθən
vandermolen;v { n d 3:r m A l @ n;vændɜ:rmɑlən
typings;t aI p i N z;t?piŋz
dillon;d I l @ n;dɪlən
bolduc's;b @U l d @ k s;boʊldəks
benoit;b @ n OI t;bən?t
kirt;k 3:r t;kɜ:rt
betschart(2);b E tS A r\ t;bɛ?ɑɹt
hanta;h { n t @;hæntə
queenie;k w i: n i:;kwiːniː
abernathy;{ b 3:r n { T i:;æbɜ:rnæθiː
mettler;m E t l 3:r;mɛtlɜ:r
junot;dZ u n @ t;?unət
conjugates;k A n dZ @ g eI t s;kɑn?əg?ts
infantile;I n f @ n t i l;ɪnfəntil
define;d i f aI n;dif?n
biaggi;b i { dZ i:;biæ?iː
driscoll;d r\ I s k @ l;dɹɪskəl
armrests(2);A r\ m r\ E s s;ɑɹmɹɛss
subject's;s V b dZ i k t s;sʌb?ikts
midlands;m I d l { n d z;mɪdlændz
hardpressed;h A r\ d p r\ E s t;hɑɹdpɹɛst
freundlich;f r\ OI n d l i k;fɹ?ndlik
sergey(2);s E r\ g eI;sɛɹg?
patented(2);p { t @ n t i d;pætəntid
bunt;b V n t;bʌnt
dehumanize;d i h j u m @ n aI z;dihjumən?z
heelan;h i: l @ n;hiːlən
tuley;t j u l i:;tjuliː
skoog;s k u g;skug
bejar;b eI j A r\;b?jɑɹ
vacationing;v eI k eI S @ n i N;v?k?ʃəniŋ
kirkby;k 3:r k b i:;kɜ:rkbiː
grbavica(2);g 3:r b @ v aI k @;gɜ:rbəv?kə
fairbank;f E r\ b @ N k;fɛɹbəŋk
canvasses;k { n v @ s i z;kænvəsiz
suffragette;s V f r\ @ dZ E t;sʌfɹə?ɛt
sandberg;s { n d b 3:r g;sændbɜ:rg
crispness;k r\ I s p n @ s;kɹɪspnəs
haupert;h aU p 3:r t;h?pɜ:rt
goldenthal;g @U l d @ n T A l;goʊldənθɑl
mallow;m { l @U;mæloʊ
voelz;v @U l z;voʊlz
srdan;s 3:r d { n;sɜ:rdæn
sounding;s aU n d i N;s?ndiŋ
amfesco;{ m f E s k @U;æmfɛskoʊ
baugher;b O: 3:r;bOːɜ:r
minge;m I n dZ;mɪn?
sram;S r\ { m;ʃɹæm
sarene;s 3:r i: n;sɜ:riːn
emmys;E m i: z;ɛmiːz
spacers;s p eI s 3:r z;sp?sɜ:rz
cristiani's;k r\ I s t i: A n i: z;kɹɪstiːɑniːz
dispersing;d i s p 3:r s i N;dispɜ:rsiŋ
kozo;k @U z @U;koʊzoʊ
concocted;k @ n k A k t @ d;kənkɑktəd
anstett;@ n s t E t;ənstɛt
privileged(3);p r\ I v i l @ dZ d;pɹɪvilə?d
gregory's;g r\ E g 3:r i: z;gɹɛgɜ:riːz
grijalva;g r\ i: j A l v @;gɹiːjɑlvə
gen;dZ E n 3:r @ l;?ɛnɜ:rəl
sanzone;s A n z @U n i:;sɑnzoʊniː
granger;g r\ eI n dZ 3:r;gɹ?n?ɜ:r
bludgeoned;b l V dZ @ n d;blʌ?ənd
lakatos;l { k @ 4 @U z;lækəɾoʊz
knocking;n A k i N;nɑkiŋ
curtis(2);k 3:r 4 i s;kɜ:rɾis
buntz;b V n t s;bʌnts
trudel;t r\ u 4 @ l;tɹuɾəl
traynham;t r\ eI n h @ m;tɹ?nhəm
lovitz;l @U v i t s;loʊvits
yamaichi's;j A m A i: tS i: z;jɑmɑiː?iːz
kittle;k I 4 @ l;kɪɾəl
frisinger;f r\ I s i n dZ 3:r;fɹɪsin?ɜ:r
jade;dZ eI d;??d
ordway;O: r\ d w eI;Oːɹdw?
ranting;r\ { n t i N;ɹæntiŋ
miracles;m I r\ @ k @ l z;mɪɹəkəlz
ziglar;z I g l 3:r;zɪglɜ:r
loyally;l OI @ l i:;l?əliː
bosler(2);b A z l 3:r;bɑzlɜ:r
henchman;h E n tS m @ n;hɛn?mən
depaulo;d i p O: l @U;dipOːloʊ
childe;tS I l d;?ɪld
mantles;m { n t @ l z;mæntəlz
correlate;k O: r\ @ l eI t;kOːɹəl?t
schulhof;S u l h O: f;ʃulhOːf
stenberg;s t E n b 3:r g;stɛnbɜ:rg
klitz;k l I t s;klɪts
wilson;w I l s @ n;wɪlsən
loo;l u;lu
hindsight;h aI n d s aI t;h?nds?t
folliard;f A l j 3:r d;fɑljɜ:rd
resendiz;r\ i s E n d i z;ɹisɛndiz
informix;i n f O: r\ m i k s;infOːɹmiks
huddling(2);h V d l i N;hʌdliŋ
totman;t A t m @ n;tɑtmən
exterminators;i k s t 3:r m @ n eI 4 3:r z;ikstɜ:rmən?ɾɜ:rz
technophobes;t E k n @U f @U b z;tɛknoʊfoʊbz
navajos(2);n { v @ h @U z;nævəhoʊz
eda;i: 4 @;iːɾə
amenity;@ m E n @ 4 i:;əmɛnəɾiː
matton;m { t @ n;mætən
armijo;A r\ m i: j @U;ɑɹmiːjoʊ
nikko's;n i: k @U z;niːkoʊz
oahu;@U A h u;oʊɑhu
chaperoning;S { p 3:r @U n i N;ʃæpɜ:roʊniŋ
ungermann;@ n dZ 3:r m @ n;ən?ɜ:rmən
resale;r\ i: s eI l;ɹiːs?l
indoctrination;i n d A k t r\ @ n eI S @ n;indɑktɹən?ʃən
bredeson;b r\ E 4 i s @ n;bɹɛɾisən
itel;aI t E l;?tɛl
jeffers;dZ E f 3:r z;?ɛfɜ:rz
migneault;m i g n @U;mignoʊ
houseful;h aU s f @ l;h?sfəl
gierke;dZ I r\ k;?ɪɹk
ceiling;s i: l i N;siːliŋ
kozuch;k A z @ h;kɑzəh
defying;d i f aI i N;dif?iŋ
levenberg;l i: v @ n b 3:r g;liːvənbɜ:rg
deducts;d i d V k t s;didʌkts
cdrom;s i: d i: r\ A m;siːdiːɹɑm
farica;f A r\ i: k @;fɑɹiːkə
contemplated;k A n t @ m p l eI 4 i d;kɑntəmpl?ɾid
wai;w aI;w?
stabilizes(2);s t eI b @ l aI z i z;st?bəl?ziz
mustn't;m V s @ n t;mʌsənt
whining;w aI n i N;w?niŋ
sgambati;s k A m b A 4 i:;skɑmbɑɾiː
enskilda;E n s k I l d @;ɛnskɪldə
gainor;g eI n 3:r;g?nɜ:r
simpkins;s I m p k i n z;sɪmpkinz
welz;w E l z;wɛlz
clive;k l aI v;kl?v
underwritings;V n d 3:r r\ aI 4 i N z;ʌndɜ:rɹ?ɾiŋz
soderman;s @U 4 3:r m @ n;soʊɾɜ:rmən
varghese;v A r\ g h i: z;vɑɹghiːz
leaves;l i: v z;liːvz
deposited;d @ p A z i 4 i d;dəpɑziɾid
straum;s t r\ aU m;stɹ?m
jitters;dZ I 4 3:r z;?ɪɾɜ:rz
jaynes;dZ eI n z;??nz
anthropologists;{ n T r\ @ p A l @ dZ @ s t s;ænθɹəpɑlə?əsts
jody;dZ @U 4 i:;?oʊɾiː
aloisa;A l OI s @;ɑl?sə
eustace;j u s t @ s;justəs
rork;r\ O: r\ k;ɹOːɹk
rayl;r\ eI l;ɹ?l
zima;z i: m @;ziːmə
viets;v i: t s;viːts
remand;r\ i m { n d;ɹimænd
bechthold;b E k T @U l d;bɛkθoʊld
nostrand;n A s t r\ @ n d;nɑstɹənd
vet;v E t;vɛt
reprinted;r\ i: p r\ I n t i d;ɹiːpɹɪntid
coherently;k @U h i: r\ @ n t l i:;koʊhiːɹəntliː
scantlin;s k { n t l i n;skæntlin
captor;k { p t 3:r;kæptɜ:r
judson;dZ V d s @ n;?ʌdsən
moslems;m A z l @ m z;mɑzləmz
piver;p aI v 3:r;p?vɜ:r
overregulated;@U v 3:r r\ E g j @ l eI 4 i d;oʊvɜ:rɹɛgjəl?ɾid
bohart;b A h A r\ t;bɑhɑɹt
hardcore;h A r\ d k O: r\;hɑɹdkOːɹ
rallying;r\ { l i: i N;ɹæliːiŋ
levings;l E v i N z;lɛviŋz
pavlak;p A v l @ k;pɑvlək
semireligious;s E m i: r\ i l I dZ @ s;sɛmiːɹilɪ?əs
pinho;p I n h @U;pɪnhoʊ
earthy;3:r T i:;ɜ:rθiː
seconded(2);s E k @ n @ d;sɛkənəd
overbuilding;@U v 3:r b I l d i N;oʊvɜ:rbɪldiŋ
thaler;T eI l 3:r;θ?lɜ:r
thereabouts;D E r\ @ b aU t s;ðɛɹəb?ts
masses;m { s @ z;mæsəz
sonaput;s @ n A p U t;sənɑpʊt
leaner;l i: n 3:r;liːnɜ:r
discourages;d i s k 3:r i dZ i z;diskɜ:ri?iz
better;b E 4 3:r;bɛɾɜ:r
arkansans;A r\ k { n z @ n z;ɑɹkænzənz
orlan;O: r\ l @ n;Oːɹlən
librarian;l aI b r\ E r\ i: @ n;l?bɹɛɹiːən
hayfield;h eI f i: l d;h?fiːld
spetsnaz;s p E t s n { z;spɛtsnæz
vote's;v @U t s;voʊts
nangle;n { N g @ l;næŋgəl
lauderback;l aU 4 3:r b { k;l?ɾɜ:rbæk
corals;k O: r\ @ l z;kOːɹəlz
legislating;l E dZ i s l eI 4 i N;lɛ?isl?ɾiŋ
marchand(2);m A r\ tS { n d;mɑɹ?ænd
boch;b A k;bɑk
presidents(3);p r\ E z i d @ n s;pɹɛzidəns
rhino;r\ aI n @U;ɹ?noʊ
restrained;r\ i: s t r\ eI n d;ɹiːstɹ?nd
rulebook;r\ u l b U k;ɹulbʊk
buckshot;b V k S A t;bʌkʃɑt
weeping;w i: p i N;wiːpiŋ
advantaged(3);{ d v { n i dZ d;ædvæni?d
oleoyls;@U l i: OI l z;oʊliː?lz
firkins;f 3:r k i n z;fɜ:rkinz
novelists(3);n A v @ l @ s;nɑvələs
guarnieri;g A r\ n I r\ i:;gɑɹnɪɹiː
norling;n O: r\ l i N;nOːɹliŋ
ranieri(2);r\ @ n i: E r\ i:;ɹəniːɛɹiː
kyu;k j u;kju
madagascar;m { 4 @ g { s k 3:r;mæɾəgæskɜ:r
belongs;b i l O: N z;bilOːŋz
pudong(2);p u d O: N;pudOːŋ
banik;b { n i k;bænik
chest;tS E s t;?ɛst
aasen;A s @ n;ɑsən
howie;h aU i:;h?iː
genco;dZ E N k @U;?ɛŋkoʊ
intimately;I n t @ m @ t l i:;ɪntəmətliː
sales;s eI l z;s?lz
shuts;S V t s;ʃʌts
partecipazioni;p A r\ t E s i p { z i: @U n i:;pɑɹtɛsipæziːoʊniː
graves's;g r\ eI v z i z;gɹ?vziz
carl's;k A r\ l z;kɑɹlz
wistfulness;w I s t f @ l n @ s;wɪstfəlnəs
haseman;h eI s m @ n;h?smən
lelia;l i: l j @;liːljə
ake;eI k;?k
hebda;h E b d @;hɛbdə
desecrated;d E z @ k r\ eI 4 i d;dɛzəkɹ?ɾid
heralds;h E r\ @ l d z;hɛɹəldz
fortini;f O: r\ t i: n i:;fOːɹtiːniː
svec;s v E k;svɛk
sargeant;s A r\ dZ @ n t;sɑɹ?ənt
thermostats;T 3:r m @ s t { t s;θɜ:rməstæts
vieth;v aI i T;v?iθ
incendiary;i n s E n d i: E r\ i:;insɛndiːɛɹiː
hallin;h { l i n;hælin
growers';g r\ @U 3:r z;gɹoʊɜ:rz
dealmaking;d i: l m eI k i N;diːlm?kiŋ
kalt;k O: l t;kOːlt
acquit;@ k w I t;əkwɪt
sisti;s I s t i:;sɪstiː
gambia;g { m b i: @;gæmbiːə
mam(2);E m eI E m;ɛm?ɛm
esses(2);E s i: z;ɛsiːz
spethmann;s p E T m @ n;spɛθmən
immeasurable;i m E Z 3:r { b @ l;imɛʒɜ:ræbəl
batat;b @ t A t;bətɑt
employee(2);i m p l OI i:;impl?iː
charlestown;tS A r\ l s t aU n;?ɑɹlst?n
barbed;b A r\ b d;bɑɹbd
speculated(2);s p E k j @ l eI 4 i d;spɛkjəl?ɾid
hallums;h { l @ m z;hæləmz
mixers;m I k s 3:r z;mɪksɜ:rz
andel;{ n d @ l;ændəl
veit;v i: t;viːt
derenzo;d i r\ E n z @U;diɹɛnzoʊ
institutionalizing;I n s t i t u S @ n @ l aI z i N;ɪnstituʃənəl?ziŋ
stefanelli;s t E f A n E l i:;stɛfɑnɛliː
shougang;S aU g A N;ʃ?gɑŋ
preservative;p r\ i: z 3:r v @ 4 i v;pɹiːzɜ:rvəɾiv
bruncor;b r\ V n k O: r\;bɹʌnkOːɹ
mary's;m E r\ i: z;mɛɹiːz
perfectionism;p 3:r f E k S @ n I z @ m;pɜ:rfɛkʃənɪzəm
borruso;b O: r\ u s @U;bOːɹusoʊ
sommersby;s V m 3:r r\ z b i:;sʌmɜ:rɹzbiː
grew;g r\ u;gɹu
bolliger;b A l i g 3:r;bɑligɜ:r
politeness;p @ l aI t n @ s;pəl?tnəs
hosed;h @U z d;hoʊzd
whitewater(2);h w aI t w O: 4 3:r;hw?twOːɾɜ:r
gentrification;dZ E n t r\ i f i k eI S @ n;?ɛntɹifik?ʃən
hipolito;i: p @U l i: 4 @U;iːpoʊliːɾoʊ
heckel;h E k @ l;hɛkəl
yigal;j i g { l;jigæl
raser;r\ eI z 3:r;ɹ?zɜ:r
gutkowski;g @ t k O: f s k i:;gətkOːfskiː
chomp;tS A m p;?ɑmp
fleeman;f l i: m @ n;fliːmən
klocek;k l @U s i k;kloʊsik
liverpool;l I v 3:r p u l;lɪvɜ:rpul
scheme;s k i: m;skiːm
disgraced;d i s g r\ eI s t;disgɹ?st
michel's(3);m aI k @ l z;m?kəlz
mcelreath;m { k @ l r\ { T;mækəlɹæθ
orchestra;O: r\ k @ s t r\ @;Oːɹkəstɹə
thereafter;D E r\ { f t 3:r;ðɛɹæftɜ:r
maxus;m { k s @ s;mæksəs
carmon;k A r\ m @ n;kɑɹmən
pirkl;p 3:r k @ l;pɜ:rkəl
brockhoff;b r\ A k h O: f;bɹɑkhOːf
present(2);p r\ i: z E n t;pɹiːzɛnt
gooden;g U d @ n;gʊdən
underbid;V n d 3:r b I d;ʌndɜ:rbɪd
destabilization;d i s t eI b @ l @ z eI S @ n;dist?bələz?ʃən
globus;g l @U b @ s;gloʊbəs
gallard;g @ l A r\ d;gəlɑɹd
labarre;l A b A r\ eI;lɑbɑɹ?
projects(4);p r\ @ dZ E k s;pɹə?ɛks
norther;n O: r\ D 3:r;nOːɹðɜ:r
kyrgyzstan;k I r\ g i s t { n;kɪɹgistæn
scheibner;S aI b n 3:r;ʃ?bnɜ:r
queensberry;k w i: n z b E r\ i:;kwiːnzbɛɹiː
topped;t A p t;tɑpt
acquaintanceship;@ k w eI n t @ n s S i p;əkw?ntənsʃip
johnstone;dZ A n s t @U n;?ɑnstoʊn
kareem;k 3:r i: m;kɜ:riːm
hotels';h @U t E l z;hoʊtɛlz
integrated's;I n t @ g r\ eI 4 i d z;ɪntəgɹ?ɾidz
jeopardized;dZ E p 3:r d aI z d;?ɛpɜ:rd?zd
valdis;v { l d i s;vældis
dreyfuss;d r\ eI f @ s;dɹ?fəs
bug;b V g;bʌg
iconoclastic;aI k @ n @ k l { s t i k;?kənəklæstik
guggenheim;g u g @ n h aI m;gugənh?m
wilczynski;v i l tS I n s k i:;vil?ɪnskiː
emberton;i m b 3:r t @ n;imbɜ:rtən
grey's;g r\ eI z;gɹ?z
tantrums;t { n t r\ @ m z;tæntɹəmz
columbus's;k @ l V m b @ s i z;kəlʌmbəsiz
nonaccruing;n A n @ k r\ u i N;nɑnəkɹuiŋ
deprivation;d E p r\ @ v eI S @ n;dɛpɹəv?ʃən
loury;l u r\ i:;luɹiː
scherb;S 3:r b;ʃɜ:rb
murano;m U r\ A n @U;mʊɹɑnoʊ
samelle;s @ m E l;səmɛl
kienzle;k i: n z @ l;kiːnzəl
mannon;m { n @ n;mænən
laine;l eI n;l?n
talker;t O: k 3:r;tOːkɜ:r
socol;s @U k A l;soʊkɑl
lamattina;l A m A t i: n @;lɑmɑtiːnə
schad;S { d;ʃæd
sabins;s eI b i n z;s?binz
congo;k A N g @U;kɑŋgoʊ
clim;k l I m;klɪm
treaties;t r\ i: 4 i: z;tɹiːɾiːz
entitles;E n t aI 4 @ l z;ɛnt?ɾəlz
flavin;f l eI v i n;fl?vin
policy;p A l @ s i:;pɑləsiː
greenstone;g r\ i: n s t @U n;gɹiːnstoʊn
khufu;k u f u;kufu
wilfong;w I l f O: N;wɪlfOːŋ
schwebke;S w E b k;ʃwɛbk
combest;k @U m i s t;koʊmist
prasad;p r\ { s @ d;pɹæsəd
effectiveness;i f E k t i v n @ s;ifɛktivnəs
stankiewicz;s t { n k @ v i tS;stænkəvi?
missy's;m I s i: z;mɪsiːz
bjorkman;b j O: r\ k m @ n;bjOːɹkmən
ehrig;E r\ i g;ɛɹig
sliding;s l aI 4 i N;sl?ɾiŋ
vagabond;v { g @ b A n d;vægəbɑnd
martek;m A r\ t E k;mɑɹtɛk
monosyllabic;m A n @ s @ l { b i k;mɑnəsəlæbik
benham;b E n h @ m;bɛnhəm
kilbane;k I l b @ n;kɪlbən
slavinski;s l @ v I n s k i:;sləvɪnskiː
drackett;d r\ { k i t;dɹækit
karl;k A r\ l;kɑɹl
zamorano;z A m O: r\ A n @U;zɑmOːɹɑnoʊ
grandstanding;g r\ { n d s t { n d i N;gɹændstændiŋ
marotz;m { r\ @ t s;mæɹəts
deatherage(2);d E T r\ i dZ;dɛθɹi?
stockard;s t A k 3:r d;stɑkɜ:rd
flinn;f l I n;flɪn
mcisaac;m @ k aI z @ k;mək?zək
mercedes;m 3:r s eI 4 i: z;mɜ:rs?ɾiːz
nagel;n eI g @ l;n?gəl
surmounted;s 3:r m aU n t i d;sɜ:rm?ntid
mothon;m A T @ n;mɑθən
mastergate;m { s t 3:r g eI t;mæstɜ:rg?t
pollo;p A l @U;pɑloʊ
kappus;k { p @ s;kæpəs
hajek;h aI E k;h?ɛk
ophelia;@ f i: l j @;əfiːljə
ittner;I t n 3:r;ɪtnɜ:r
trudged;t r\ V dZ d;tɹʌ?d
phonetically;f @ n E 4 i k l i:;fənɛɾikliː
untrammeled;@ n t r\ { m @ l d;əntɹæməld
chopsticks;tS A p s t I k s;?ɑpstɪks
fosler(2);f A s l 3:r;fɑslɜ:r
rapidity;r\ @ p I 4 @ 4 i:;ɹəpɪɾəɾiː
kolodziejski;k @ l A dZ i: eI s k i:;kəlɑ?iː?skiː
idolator;aI d A l @ t 3:r;?dɑlətɜ:r
gotta;g A 4 @;gɑɾə
carlin's;k A r\ l i n z;kɑɹlinz
hubert;h j u b 3:r t;hjubɜ:rt
bearman;b E r\ m @ n;bɛɹmən
pundit;p V n d @ t;pʌndət
birkeland;b 3:r k l @ n d;bɜ:rklənd
urbanize;3:r b @ n aI z;ɜ:rbən?z
bailes;b eI l z;b?lz
stent;s t E n t;stɛnt
plinth;p l I n T;plɪnθ
recollection;r\ E k @ l E k S @ n;ɹɛkəlɛkʃən
rocher(2);r\ @U S 3:r;ɹoʊʃɜ:r
fighters';f aI 4 3:r z;f?ɾɜ:rz
chieftain;tS i: f t @ n;?iːftən
nakamura;n A k A m U r\ @;nɑkɑmʊɹə
prust;p r\ V s t;pɹʌst
monarchy;m A n A r\ k i:;mɑnɑɹkiː
announcers;@ n aU n s 3:r z;ən?nsɜ:rz
aseritis;@ s E r\ i 4 i s;əsɛɹiɾis
exploiting(2);i k s p l OI 4 i N;ikspl?ɾiŋ
galton;g { l t @ n;gæltən
tam;t { m;tæm
wrongdoings;r\ O: N d u i N z;ɹOːŋduiŋz
huibregtse;h u b r\ E k t s;hubɹɛkts
rarity;r\ E r\ @ 4 i:;ɹɛɹəɾiː
soong;s u N;suŋ
thormond;T O: r\ m @ n d;θOːɹmənd
auen;aU @ n;?ən
wimbish;w I m b i S;wɪmbiʃ
mildest;m aI l d @ s t;m?ldəst
odekirk;A 4 i k 3:r k;ɑɾikɜ:rk
indispensible;I n d i s p E n s i b @ l;ɪndispɛnsibəl
hurd;h 3:r d;hɜ:rd
michalsky;m I tS A l s k i:;mɪ?ɑlskiː
defex;d E f E k s;dɛfɛks
questran;k w E s t r\ { n;kwɛstɹæn
melroy;m E l r\ OI;mɛlɹ?
bottino;b @U t i: n @U;boʊtiːnoʊ
adventurism;{ d v E n tS 3:r I z @ m;ædvɛn?ɜ:rɪzəm
o'boyle;@U b OI l;oʊb?l
gayer;g eI 3:r;g?ɜ:r
bernia;b E r\ n i: @;bɛɹniːə
slumping;s l V m p i N;slʌmpiŋ
suggests(3);s @ g dZ E s;səg?ɛs
petrossian;p @ t r\ O: z @ n;pətɹOːzən
riese;r\ i: z;ɹiːz
zeibel's;z aI b @ l z;z?bəlz
fourth;f O: r\ T;fOːɹθ
aymond;eI m @ n d;?mənd
montijo;m @U n t i: j @U;moʊntiːjoʊ
naffziger;n { f z i g 3:r;næfzigɜ:r
pasley;p { s l i:;pæsliː
yeung;j u N;juŋ
dissecting;d aI s E k t i N;d?sɛktiŋ
erupted(2);i r\ V p t i d;iɹʌptid
sponsorships;s p A n s 3:r S I p s;spɑnsɜ:rʃɪps
skier(2);s k i: 3:r;skiːɜ:r
derden;d 3:r d @ n;dɜ:rdən
aimee;eI m i:;?miː
halgren;h { l g r\ E n;hælgɹɛn
hyundai(2);h V n d eI;hʌnd?
dispersant;d I s p 3:r s @ n t;dɪspɜ:rsənt
blindly;b l aI n d l i:;bl?ndliː
knief;n i: f;niːf
brien;b r\ aI i n;bɹ?in
galvanizing;g { l v @ n aI z i N;gælvən?ziŋ
preside(2);p r\ i: z aI d;pɹiːz?d
arcturus;A r\ k t U r\ @ s;ɑɹktʊɹəs
outdo;aU t d u;?tdu
lacovara;l A k @U v A r\ @;lɑkoʊvɑɹə
handley;h { n d l i:;hændliː
klump;k l V m p;klʌmp
figgie's;f I g i: z;fɪgiːz
vibration;v aI b r\ eI S @ n;v?bɹ?ʃən
dealmaker;d i: l m eI k 3:r;diːlm?kɜ:r
nor;n O: r\;nOːɹ
fadden;f { d @ n;fædən
friesner;f r\ i: s n 3:r;fɹiːsnɜ:r
erna;3:r n @;ɜ:rnə
dragonair;d r\ { g @ n E r\;dɹægənɛɹ
comely;k V m l i:;kʌmliː
fooshee;f u S i:;fuʃiː
lass;l { s;læs
hicklin;h I k l i n;hɪklin
fauntroy;f O: n t r\ OI;fOːntɹ?
mesons;m i: z A n z;miːzɑnz
thirteen;T 3:r t i: n;θɜ:rtiːn
yuppified;j V p i f aI d;jʌpif?d
transcripts;t r\ { n s k r\ I p t s;tɹænskɹɪpts
combines;k @ m b aI n z;kəmb?nz
nationsbanc's(2);n eI S @ n z b A N k;n?ʃənzbɑŋk
thetis;T i: 4 @ s;θiːɾəs
centrust's;s E n t r\ V s t s;sɛntɹʌsts
despaired;d i s p E r\ d;dispɛɹd
sholl;S A l;ʃɑl
complicit;k @ m p l I s @ t;kəmplɪsət
seskar;s E s k A r\;sɛskɑɹ
mac's;m { k s;mæks
preference(2);p r\ E f r\ @ n s;pɹɛfɹəns
nyman;n aI m @ n;n?mən
leuenberger;l u @ n b 3:r g 3:r;luənbɜ:rgɜ:r
innerspace;I n 3:r s p eI s;ɪnɜ:rsp?s
envisioning;E n v I Z @ n i N;ɛnvɪʒəniŋ
dort;d O: r\ t;dOːɹt
february(4);f E b u w E r\ i:;fɛbuwɛɹiː
burgamy;b 3:r g @ m i:;bɜ:rgəmiː
festooned;f E s t u n d;fɛstund
steakhouse;s t eI k h aU s;st?kh?s
cheane;tS i: n;?iːn
groeger;g r\ @U g 3:r;gɹoʊgɜ:r
redistribution;r\ i: 4 i s t r\ @ b j u S @ n;ɹiːɾistɹəbjuʃən
scribblers;s k r\ I b l 3:r z;skɹɪblɜ:rz
nun;n V n;nʌn
mordant;m O: r\ d @ n t;mOːɹdənt
presidential;p r\ E z @ d E n tS @ l;pɹɛzədɛn?əl
centurion;s E n t U r\ i: @ n;sɛntʊɹiːən
patrolmen;p @ t r\ @U l m E n;pətɹoʊlmɛn
kotara;k @U t A r\ @;koʊtɑɹə
empey;E m p i:;ɛmpiː
puss(2);p V s;pʌs
murrill;m O: r\ @ l;mOːɹəl
armer;A r\ m 3:r;ɑɹmɜ:r
savage(2);s { v i dZ;sævi?
masek;m A s E k;mɑsɛk
lessard;l E s 3:r d;lɛsɜ:rd
gallerani;g A l 3:r A n i:;gɑlɜ:rɑniː
labatt(2);l @ b A t;ləbɑt
today'll;t @ d eI l;təd?l
kjellberg(2);k @ dZ E l b 3:r g;kə?ɛlbɜ:rg
charlier;tS A r\ l i: 3:r;?ɑɹliːɜ:r
gizbert;g I z b 3:r t;gɪzbɜ:rt
nurtured;n 3:r tS 3:r d;nɜ:r?ɜ:rd
boshers;b A S 3:r z;bɑʃɜ:rz
pacifists;p { s i f i s t s;pæsifists
peachy;p i: tS i:;piː?iː
netty;n E 4 i:;nɛɾiː
hockett;h A k i t;hɑkit
richest;r\ I tS @ s t;ɹɪ?əst
corbello;k 3:r b E l @U;kɜ:rbɛloʊ
rebels(2);r\ i b E l z;ɹibɛlz
grana;g r\ { n @;gɹænə
blanchards;b l { n tS 3:r d z;blæn?ɜ:rdz
ingenious;i n dZ i: n j @ s;in?iːnjəs
gratuitously;g r\ @ t u @ 4 @ s l i:;gɹətuəɾəsliː
users';j u z 3:r z;juzɜ:rz
grandmotherly(3);g r\ { m V D 3:r l i:;gɹæmʌðɜ:rliː
fests(2);f E s s;fɛss
spotters;s p A 4 3:r z;spɑɾɜ:rz
mcquerry;m @ k w E r\ i:;məkwɛɹiː
craze;k r\ eI z;kɹ?z
hinebaugh;h I n i b O:;hɪnibOː
crosthwaite;k r\ A s T w @ t;kɹɑsθwət
lipide;l i p i: d;lipiːd
viewers';v j u 3:r z;vjuɜ:rz
flett;f l E t;flɛt
mondor;m A n d 3:r;mɑndɜ:r
ciraulo;s 3:r O: l @U;sɜ:rOːloʊ
helminth;h E l m i n T;hɛlminθ
unalienable(2);@ n eI l j E n @ b @ l;ən?ljɛnəbəl
dreessen;d r\ i: s @ n;dɹiːsən
labay;l { b eI;læb?
stratocaster;s t r\ { 4 @U k { s t 3:r;stɹæɾoʊkæstɜ:r
janina;dZ @ n i: n @;?əniːnə
topekans;t @ p i: k @ n z;təpiːkənz
dethrone;d i T r\ @U n;diθɹoʊn
howden;h aU d @ n;h?dən
deflator;d i f l eI 4 3:r;difl?ɾɜ:r
paintball;p eI n t b A l;p?ntbɑl
sox;s A k s;sɑks
brewry;b r\ u r\ i:;bɹuɹiː
sounded(2);s aU n d i d;s?ndid
mukluk;m V k l @ k;mʌklək
wentzville;w E n t s v I l;wɛntsvɪl
anscomb;@ n s k A m;ənskɑm
intermittent;I n t 3:r m I t @ n t;ɪntɜ:rmɪtənt
subsurface;s V b s 3:r f @ s;sʌbsɜ:rfəs
lucier;l u s i: 3:r;lusiːɜ:r
lessnau;l E s n @U;lɛsnoʊ
koester;k @U s t 3:r;koʊstɜ:r
zlin;z l I n;zlɪn
fraleigh;f r\ eI l i:;fɹ?liː
plundered;p l V n d 3:r d;plʌndɜ:rd
corporal;k O: r\ p 3:r @ l;kOːɹpɜ:rəl
myanmar;m j A n m A r\;mjɑnmɑɹ
betzer;b E t z 3:r;bɛtzɜ:r
drayer;d r\ eI 3:r;dɹ?ɜ:r
foie;f OI;f?
francs;f r\ { N k s;fɹæŋks
belittles;b i l I 4 @ l z;bilɪɾəlz
canal's;k @ n { l z;kənælz
tertius(2);t 3:r S j i s;tɜ:rʃjis
peng;p E N;pɛŋ
bridgeman;b r\ I dZ m @ n;bɹɪ?mən
valuations;v { l j u eI S @ n z;vælju?ʃənz
mcmillen;m @ k m I l @ n;məkmɪlən
parmar;p A r\ m A r\;pɑɹmɑɹ
embroiled;E m b r\ OI l d;ɛmbɹ?ld
san-fran;s { n f r\ { n;sænfɹæn
mumbles;m V m b @ l z;mʌmbəlz
magar;m { g 3:r;mægɜ:r
nutrasweet;n u t r\ @ s w i: t;nutɹəswiːt
florek;f l O: r\ i k;flOːɹik
kochis;k A k i s;kɑkis
hollern;h A l 3:r n;hɑlɜ:rn
thins;T I n z;θɪnz
cisco;s I s k @U;sɪskoʊ
coniferous;k @ n I f 3:r @ s;kənɪfɜ:rəs
wynn's;w I n z;wɪnz
proponents;p r\ @ p @U n @ n t s;pɹəpoʊnənts
duri;d U r\ i:;dʊɹiː
publicly;p V b l i k l i:;pʌblikliː
insincere;I n s i n s I r\;ɪnsinsɪɹ
procure;p r\ @U k j U r\;pɹoʊkjʊɹ
thiede;T i: d;θiːd
harboring;h A r\ b 3:r i N;hɑɹbɜ:riŋ
basista;b @ s I s t @;bəsɪstə
geeting;g i: 4 i N;giːɾiŋ
cadillac;k { 4 @ l { k;kæɾəlæk
thanksgiving;T { N k s g I v i N;θæŋksgɪviŋ
attendees;@ t E n d i: z;ətɛndiːz
marinated;m E r\ @ n eI 4 i d;mɛɹən?ɾid
juline;dZ u l aI n;?ul?n
musica;m j u z i k @;mjuzikə
organized;O: r\ g @ n aI z d;Oːɹgən?zd
sparacino;s p 3:r @ tS i: n @U;spɜ:rə?iːnoʊ
moviemakers;m u v i: m eI k 3:r z;muviːm?kɜ:rz
championing;tS { m p i: @ n i N;?æmpiːəniŋ
praiseworthy;p r\ eI z w 3:r D i:;pɹ?zwɜ:rðiː
leaf;l i: f;liːf
cardiges;k A r\ 4 i dZ i z;kɑɹɾi?iz
cadenhead;k eI d @ n h E d;k?dənhɛd
darkest;d A r\ k @ s t;dɑɹkəst
steinway's;s t aI n w eI z;st?nw?z
castor;k { s t 3:r;kæstɜ:r
odriscoll(2);@U d r\ I s k A l;oʊdɹɪskɑl
burchill;b 3:r k h i l;bɜ:rkhil
impoverished;i m p A v r\ i S t;impɑvɹiʃt
haim(2);h eI m;h?m
doomed;d u m d;dumd
haseltine;h { s i l t i: n;hæsiltiːn
bolton;b @U l t @ n;boʊltən
encountered;i n k aU n t 3:r d;ink?ntɜ:rd
reimposed;r\ i: i m p @U z d;ɹiːimpoʊzd
quackenbush;k w { k @ n b U S;kwækənbʊʃ
influences;I n f l u @ n s i z;ɪnfluənsiz
abyss;@ b I s;əbɪs
straighten;s t r\ eI t @ n;stɹ?tən
gluck;g l V k;glʌk
cuccaro;k u k A r\ @U;kukɑɹoʊ
goofed;g u f t;guft
galvano;g A l v A n @U;gɑlvɑnoʊ
foreman;f O: r\ m @ n;fOːɹmən
refurbished;r\ i: f 3:r b i S t;ɹiːfɜ:rbiʃt
clothe;k l @U D;kloʊð
presuppose;p r\ i: s @ p @U z;pɹiːsəpoʊz
coot;k u t;kut
constituencies;k @ n s t I tS u @ n s i: z;kənstɪ?uənsiːz
becor's;b E k O: r\ z;bɛkOːɹz
shone;S @U n;ʃoʊn
morty;m O: r\ 4 i:;mOːɹɾiː
sunglasses;s V n g l { s i z;sʌnglæsiz
surfaces(2);s 3:r f @ s i z;sɜ:rfəsiz
gambone;g A m b @U n;gɑmboʊn
shad;S { d;ʃæd
chickering;tS I k 3:r i N;?ɪkɜ:riŋ
mccawley;m @ k O: l i:;məkOːliː
branstad;b r\ { n s t { d;bɹænstæd
malfeasance;m { l f i: z @ n s;mælfiːzəns
hip;h I p;hɪp
tessa;t E s @;tɛsə
chissano;tS i s A n @U;?isɑnoʊ
mississippis;m I s i s I p i: z;mɪsisɪpiːz
fora;f O: r\ @;fOːɹə
lock;l A k;lɑk
gohr;g A r\;gɑɹ
thornberg;T O: r\ n b 3:r g;θOːɹnbɜ:rg
prusak;p r\ u s @ k;pɹusək
derocco;d i r\ @U k @U;diɹoʊkoʊ
pruiett;p r\ u i t;pɹuit
crawley;k r\ O: l i:;kɹOːliː
continued;k @ n t I n j u d;kəntɪnjud
parties;p A r\ 4 i: z;pɑɹɾiːz
severin;s E v 3:r i n;sɛvɜ:rin
frederiksen;f r\ E 4 3:r i k s @ n;fɹɛɾɜ:riksən
wends;w E n d z;wɛndz
must;m V s t;mʌst
goodbyes(2);g i d b aI z;gidb?z
unglued;@ n g l u d;ənglud
schoepke;S @U p k i:;ʃoʊpkiː
humanism;h j u m @ n I z @ m;hjumənɪzəm
scorekeeping;s k O: r\ k i: p i N;skOːɹkiːpiŋ
adherence;@ d h I r\ @ n s;ədhɪɹəns
hampshire(4);h { m S aI 3:r;hæmʃ?ɜ:r
prison;p r\ I z @ n;pɹɪzən
larmore;l A r\ m O: r\;lɑɹmOːɹ
nevels;n E v @ l z;nɛvəlz
spak;s p { k;spæk
siroky;s I r\ @ k i:;sɪɹəkiː
genego(3);dZ i: i: E n i: dZ i: @U;?iːiːɛniː?iːoʊ
turner's;t 3:r n 3:r z;tɜ:rnɜ:rz
striving;s t r\ aI v i N;stɹ?viŋ
rosendale;r\ @U z @ n d eI l;ɹoʊzənd?l
stacked;s t { k t;stækt
franco's;f r\ { N k @U z;fɹæŋkoʊz
xtra;E k s t r\ @;ɛkstɹə
sculptured;s k V l p tS 3:r d;skʌlp?ɜ:rd
codifies;k @U 4 @ f aI z;koʊɾəf?z
scolding;s k @U l d i N;skoʊldiŋ
shakiest;S eI k i: i s t;ʃ?kiːist
administrations;{ d m I n i s t r\ eI S @ n z;ædmɪnistɹ?ʃənz
dogwoods;d O: g w U d z;dOːgwʊdz
surfaceness;s 3:r f @ s n @ s;sɜ:rfəsnəs
vereen;v I r\ i: n;vɪɹiːn
difficulty;d I f @ k @ l t i:;dɪfəkəltiː
redmund;r\ E d m @ n d;ɹɛdmənd
bitch;b I tS;bɪ?
harc;h A r\ k;hɑɹk
slovacek;s l A v @ tS E k;slɑvə?ɛk
cichon;s I tS @ n;sɪ?ən
kiplinger;k I p @ l i N 3:r;kɪpəliŋɜ:r
commissar;k A m @ s A r\;kɑməsɑɹ
kurshikov;k 3:r S n i k O: v;kɜ:rʃnikOːv
stepladders;s t E p l { 4 3:r z;stɛplæɾɜ:rz
jarvinen;dZ A r\ v i n @ n;?ɑɹvinən
coastal;k @U s t @ l;koʊstəl
wissa;w I s @;wɪsə
postel;p A s t @ l;pɑstəl
loibl;l OI b @ l;l?bəl
breier;b r\ aI 3:r;bɹ?ɜ:r
churkin's;tS 3:r k @ n z;?ɜ:rkənz
cropland;k r\ A p l { n d;kɹɑplænd
hamp;h { m p;hæmp
replaced;r\ i: p l eI s t;ɹiːpl?st
challengers;tS { l @ n dZ 3:r z;?ælən?ɜ:rz
domingue;d @U m i N;doʊmiŋ
merman;m 3:r m { n;mɜ:rmæn
hendricks;h E n d r\ i k s;hɛndɹiks
nielsen;n i: l s @ n;niːlsən
unadjust;V n @ dZ V s t;ʌnə?ʌst
husseini(2);h u s eI n i:;hus?niː
crawl;k r\ O: l;kɹOːl
edgington;E dZ i N t @ n;ɛ?iŋtən
wilhelms;w I l h E l m z;wɪlhɛlmz
testing;t E s t i N;tɛstiŋ
ivie;aI v i:;?viː
micron;m aI k r\ A n;m?kɹɑn
ostinato;A s t @ n A t @U;ɑstənɑtoʊ
rollyson;r\ A l i s @ n;ɹɑlisən
autocrat;O: 4 @ k r\ { t;Oːɾəkɹæt
madre;m A d r\ eI;mɑdɹ?
klusman;k l V s m @ n;klʌsmən
average(3);{ v r\ i dZ;ævɹi?
fitzsimons;f i t s I m @ n z;fitsɪmənz
hetu;h i: tS u;hiː?u
simmon's;s I m @ n z;sɪmənz
murali;m 3:r A l i:;mɜ:rɑliː
titania;t @ t A n j @;tətɑnjə
lamotta;l A m @U 4 @;lɑmoʊɾə
pervasiveness;p 3:r v eI s i v n i s;pɜ:rv?sivnis
pimentel;p I m i n t @ l;pɪmintəl
subsidiaries;s @ b s I 4 i: E r\ i: z;səbsɪɾiːɛɹiːz
rivalry;r\ aI v @ l r\ i:;ɹ?vəlɹiː
breathless;b r\ E T l @ s;bɹɛθləs
roundworm;r\ aU n d w 3:r m;ɹ?ndwɜ:rm
needham's;n i: 4 @ m z;niːɾəmz
schuler;S u l 3:r;ʃulɜ:r
goodlett;g U d l E t;gʊdlɛt
fukuyama;f u k u j A m @;fukujɑmə
hallowe'en;h { l @ w i: n;hæləwiːn
balderdash;b O: l d 3:r d { S;bOːldɜ:rdæʃ
mcfann;m @ k f { n;məkfæn
rem;r\ E m;ɹɛm
amalfitano;A m A l f i: t A n @U;ɑmɑlfiːtɑnoʊ
garrigues;g A r\ i: g E s;gɑɹiːgɛs
erbe;3:r b;ɜ:rb
fiss;f I s;fɪs
pandick;p { n d I k;pændɪk
lafreniere;l { f r\ i n i: E r\;læfɹiniːɛɹ
military(2);m I l i t E r\ i:;mɪlitɛɹiː
geyer;g eI 3:r;g?ɜ:r
substation;s V b s t eI S @ n;sʌbst?ʃən
session;s E S @ n;sɛʃən
scantily;s k { n t @ l i:;skæntəliː
ric;r\ I k;ɹɪk
operated;A p 3:r eI 4 @ d;ɑpɜ:r?ɾəd
deputies;d E p j @ 4 i: z;dɛpjəɾiːz
farrakhan;f A r\ @ k A n;fɑɹəkɑn
jowls;dZ aU l z;??lz
obrecht;A b r\ i k t;ɑbɹikt
lesko;l E s k @U;lɛskoʊ
saw;s O:;sOː
clown;k l aU n;kl?n
neikirk;n i: k 3:r k;niːkɜ:rk
presidency's;p r\ E z @ d @ n s i: z;pɹɛzədənsiːz
tabled;t eI b @ l d;t?bəld
caen(2);k A n;kɑn
qualms;k w A m z;kwɑmz
fanciful;f { n s i f @ l;fænsifəl
phantasm;f { n t { z @ m;fæntæzəm
perspiration;p 3:r s p 3:r eI S @ n;pɜ:rspɜ:r?ʃən
renner;r\ E n 3:r;ɹɛnɜ:r
hornback;h O: r\ n b { k;hOːɹnbæk
straker;s t r\ eI k 3:r;stɹ?kɜ:r
vivas;v i: v @ z;viːvəz
ivery;aI v 3:r i:;?vɜ:riː
zanu;z A n u;zɑnu
cosmos;k A z m @U s;kɑzmoʊs
marinaccio;m A r\ i n A tS i: @U;mɑɹinɑ?iːoʊ
rutts;r\ V t s;ɹʌts
wily;w aI l i:;w?liː
alexopoulos;{ l i g z A p @ l i s;æligzɑpəlis
bigby;b I g b i:;bɪgbiː
consummate;k A n s @ m @ t;kɑnsəmət
entirety;i n t aI 3:r 4 i:;int?ɜ:rɾiː
whoever;h u E v 3:r;huɛvɜ:r
multitask;m V l t i: t { s k;mʌltiːtæsk
sweger;s w i: g 3:r;swiːgɜ:r
edger;E dZ 3:r;ɛ?ɜ:r
amison;{ m i s @ n;æmisən
brittingham;b r\ I 4 i N h { m;bɹɪɾiŋhæm
nelia;n E l i: @;nɛliːə
tell;t E l;tɛl
plushy;p l V S i:;plʌʃiː
shortchanged;S O: r\ t tS eI n dZ d;ʃOːɹt??n?d
isosceles;aI s O: s @ l i: z;?sOːsəliːz
psychiatrists(2);s @ k aI @ t r\ @ s s;sək?ətɹəss
hatten;h { t @ n;hætən
creepiness;k r\ i: p i: n i s;kɹiːpiːnis
wentworth;w E n t w 3:r T;wɛntwɜ:rθ
standpoints;s t { n d p OI n t s;stændp?nts
hastened;h eI s @ n d;h?sənd
teenager;t i: n eI dZ 3:r;tiːn??ɜ:r
vanblarcom;v { n b l A r\ k @ m;vænblɑɹkəm
guru's;g u r\ u z;guɹuz
humanists;h j u m @ n @ s t s;hjumənəsts
begelman;b eI g @ l m @ n;b?gəlmən
pearl;p 3:r l;pɜ:rl
streamers;s t r\ i: m 3:r z;stɹiːmɜ:rz
benton;b E n t @ n;bɛntən
ilopango;i: l @U p { N g @U;iːloʊpæŋgoʊ
pedicure;p E 4 i k j 3:r;pɛɾikjɜ:r
overproducer;@U v 3:r p r\ @ d u s 3:r;oʊvɜ:rpɹədusɜ:r
dentton;d E n t @ n;dɛntən
segregate;s E g r\ @ g eI t;sɛgɹəg?t
annealing;@ n i: l i N;əniːliŋ
desmarais;d E z m 3:r eI;dɛzmɜ:r?
coppins;k A p i n z;kɑpinz
lazily;l { z @ l i:;læzəliː
obstructions;@ b s t r\ V k S @ n z;əbstɹʌkʃənz
cronus;k r\ @U n @ s;kɹoʊnəs
caulkins;k O: l k i n z;kOːlkinz
trailing;t r\ eI l i N;tɹ?liŋ
politician;p A l @ t I S @ n;pɑlətɪʃən
betar;b E 4 A r\;bɛɾɑɹ
parana;p 3:r A n @;pɜ:rɑnə
goddart;g A 4 A r\ t;gɑɾɑɹt
oravec;O: r\ A v i k;Oːɹɑvik
lumberyards;l V m b 3:r j A r\ d z;lʌmbɜ:rjɑɹdz
cocking;k A k i N;kɑkiŋ
currys(2);k 3:r i: z;kɜ:riːz
tita;t i: 4 @;tiːɾə
keir;k i: r\;kiːɹ
cultivating;k V l t i v eI 4 i N;kʌltiv?ɾiŋ
pendergrass;p E n d 3:r g r\ @ s;pɛndɜ:rgɹəs
gentrifying;dZ E n t r\ i f aI i N;?ɛntɹif?iŋ
ladder;l { 4 3:r;læɾɜ:r
